ID,050A02,050A01,050A07,050A09,050A11,050A08
1301,0.224,0.262,21.332,1.952,0.02,0.35
1302,0.226,0.26,21.3,1.992,0.014,0.342
1303,0.218,0.26,21.306,1.97,0.08,0.342
1304,0.218,0.27,21.3,1.98,0.082,0.342
1305,0.212,0.276,21.304,2.016,0.068,0.34
1306,0.2,0.29,21.298,2.016,0.05,0.34
1307,0.198,0.292,21.234,2.024,0.09,0.346
1308,0.222,0.316,21.262,2.034,0.094,0.35
1309,0.218,0.322,21.3,2.046,0.12,0.352
1310,0.226,0.336,21.3,2.062,0.316,0.36
1311,0.238,0.356,21.376,2.048,0.49,0.364
1312,0.246,0.374,21.4,2.056,0.318,0.37
1313,0.242,0.37,21.4,2.064,0.154,0.374
1314,0.242,0.362,21.4,2.08,0.088,0.392
1315,0.25,0.372,21.402,1.998,0.098,0.4
1316,0.256,0.388,21.498,2.048,0.098,0.408
1317,0.248,0.38,21.5,2.07,0.096,0.41
1318,0.262,0.404,21.582,2.06,0.086,0.42
1319,0.25,0.372,21.61,2.054,0.116,0.42
1320,0.246,0.376,21.644,2.088,0.076,0.42
1321,0.3,0.448,21.7,2.06,0.072,0.43
1322,0.29,0.452,21.7,2.072,0.072,0.42
1323,0.272,0.356,21.7,2.054,0.068,0.41
1324,0.254,0.302,21.7,2.076,0.058,0.44
1325,0.26,0.31,21.71,2.076,0.068,0.47
1326,0.27,0.312,21.8,2.076,0.05,0.46
1327,0.284,0.32,21.8,2.048,0.04,0.434
1328,0.256,0.3,21.8,2.096,0.038,0.43
1329,0.274,0.314,21.8,2.094,0.05,0.43
1330,0.262,0.314,21.8,2.098,0.06,0.44
1331,0.278,0.326,21.8,2.084,0.062,0.436
1332,0.284,0.35,21.8,2.09,0.054,0.43
1333,0.274,0.35,21.83,2.092,0.07,0.43
1334,0.264,0.324,21.876,2.094,0.064,0.434
1335,0.266,0.328,21.886,2.054,0.008,0.442
1336,0.282,0.342,21.826,2.108,0.022,0.456
1337,0.28,0.344,21.842,2.12,0.07,0.438
1338,0.272,0.34,21.826,2.11,0.012,0.43
1339,0.266,0.336,21.812,2.078,0.034,0.442
1340,0.27,0.334,21.774,2.01,0.048,0.456
1341,0.27,0.336,21.7,1.99,0.038,0.456
1342,0.264,0.328,21.7,1.996,0.004,0.44
1343,0.26,0.33,21.7,1.986,0.016,0.44
1344,0.256,0.326,21.7,2.004,0.012,0.44
1345,0.258,0.32,21.662,2.06,0.002,0.44
1346,0.272,0.332,21.7,2.06,0.024,0.44
1347,0.318,0.374,21.7,2.062,0.022,0.44
1348,0.296,0.352,21.7,2.068,0,0.44
1349,0.298,0.356,21.7,2.062,0.006,0.44
1350,0.308,0.37,21.7,2.078,0.036,0.472
1351,0.328,0.388,21.7,2.084,0.05,0.47
1352,0.33,0.384,21.7,2.064,0.062,0.47
1353,0.324,0.398,21.7,2.072,0.07,0.47
1354,0.35,0.428,21.7,2.084,0.076,0.492
1355,0.34,0.42,21.792,2.07,0.03,0.502
1356,0.36,0.448,21.8,2.084,0.026,0.516
1357,0.35,0.426,21.8,2.094,0.02,0.52
1358,0.328,0.398,21.8,2.082,0.012,0.524
1359,0.332,0.398,21.812,2.046,0.002,0.542
1360,0.416,0.428,21.8,2,0.028,0.544
1361,0.374,0.4,21.75,1.986,0.03,0.496
1362,0.314,0.368,21.7,1.996,0.052,0.47
1363,0.294,0.352,21.7,2.07,0.062,0.498
1364,0.314,0.372,21.7,2.116,0.06,0.496
1365,0.332,0.39,21.7,2.126,0.06,0.472
1366,0.312,0.372,21.712,2.15,0.056,0.44
1367,0.28,0.33,21.796,2.096,0.046,0.448
1368,0.262,0.308,21.756,2.032,0.038,0.468
1369,0.262,0.304,21.7,2.016,0.048,0.462
1370,0.254,0.306,21.7,2.01,0.07,0.424
1371,0.232,0.278,21.7,2.068,0.076,0.4
1372,0.24,0.268,21.7,2.126,0.08,0.406
1373,0.248,0.296,21.7,2.114,0.074,0.42
1374,0.306,0.35,21.7,2.14,0.056,0.398
1375,0.33,0.37,21.7,2.14,0.052,0.372
1376,0.304,0.348,21.706,2.124,0.066,0.386
1377,0.274,0.318,21.772,2.154,0.074,0.43
1378,0.27,0.308,21.8,2.154,0.064,0.462
1379,0.25,0.296,21.8,2.18,0.038,0.45
1380,0.258,0.296,21.8,2.096,0.056,0.426
1381,0.242,0.28,21.726,2.078,0.048,0.406
1382,0.252,0.294,21.7,2.146,0.068,0.386
1383,0.296,0.34,21.7,2.144,0.078,0.38
1384,0.306,0.356,21.704,2.168,0.082,0.38
1385,0.314,0.362,21.708,2.128,0.064,0.392
1386,0.32,0.368,21.798,2.14,0.086,0.426
1387,0.306,0.358,21.8,2.142,0.084,0.45
1388,0.296,0.348,21.83,2.138,0.066,0.456
1389,0.302,0.35,21.9,2.142,0.088,0.46
1390,0.292,0.342,21.9,2.17,0.084,0.46
1391,0.288,0.34,21.9,2.17,0.086,0.452
1392,0.268,0.312,21.9,2.132,0.05,0.448
1393,0.268,0.308,21.9,2.168,0.018,0.44
1394,0.268,0.306,21.9,2.194,0.026,0.434
1395,0.296,0.326,21.9,2.194,0.026,0.416
1396,0.322,0.356,21.9,2.204,0.068,0.398
1397,0.314,0.352,21.9,2.198,0.068,0.392
1398,0.322,0.358,21.94,2.16,0.044,0.408
1399,0.32,0.362,21.984,2.146,0.062,0.432
1400,0.296,0.332,21.9,2.096,0.02,0.44
1401,0.298,0.324,21.9,2.114,0.046,0.442
1402,0.288,0.328,21.9,2.134,0.056,0.456
1403,0.274,0.316,21.9,2.202,0.062,0.43
1404,0.276,0.316,21.9,2.226,0.066,0.42
1405,0.294,0.328,21.9,2.196,0.04,0.42
1406,0.29,0.324,21.9,2.186,0.044,0.404
1407,0.286,0.322,21.9,2.198,0.022,0.396
1408,0.274,0.312,21.9,2.176,0.014,0.41
1409,0.296,0.328,21.9,2.176,0.05,0.41
1410,0.314,0.358,21.904,2.178,0.04,0.4
1411,0.298,0.338,21.906,2.186,0.028,0.4
1412,0.298,0.342,21.9,2.19,0.018,0.406
1413,0.314,0.348,21.902,2.178,0.04,0.428
1414,0.314,0.35,21.904,2.194,0.062,0.42
1415,0.318,0.358,21.9,2.174,0.058,0.42
1416,0.31,0.35,21.9,2.196,0.072,0.432
1417,0.324,0.372,21.9,2.196,0.086,0.44
1418,0.324,0.366,21.9,2.176,0.076,0.448
1419,0.324,0.372,21.9,2.19,0.052,0.47
1420,0.308,0.346,21.9,2.178,0.052,0.476
1421,0.274,0.326,21.914,2.18,0.034,0.478
1422,0.274,0.322,21.9,2.188,0.058,0.468
1423,0.266,0.314,21.9,2.128,0.052,0.428
1424,0.266,0.31,21.9,2.112,0.036,0.402
1425,0.26,0.312,21.9,2.116,0.012,0.39
1426,0.26,0.31,21.89,2.1,0.064,0.386
1427,0.254,0.306,21.8,2.106,0.036,0.372
1428,0.256,0.302,21.8,2.112,0.028,0.37
1429,0.248,0.29,21.8,2.116,0.078,0.37
1430,0.246,0.288,21.71,2.102,0.086,0.37
1431,0.244,0.29,21.7,2.116,0.21,0.366
1432,0.256,0.294,21.7,2.124,0.26,0.36
1433,0.296,0.334,21.7,2.148,0.102,0.36
1434,0.354,0.382,21.7,2.154,0.092,0.36
1435,0.344,0.384,21.7,2.154,0.086,0.36
1436,0.348,0.386,21.75,2.152,0.08,0.392
1437,0.332,0.37,21.786,2.164,0.016,0.454
1438,0.318,0.356,21.8,2.18,0.014,0.47
1439,0.316,0.35,21.8,2.138,0.02,0.468
1440,0.326,0.362,21.8,2.128,0.05,0.456
1441,0.31,0.346,21.824,2.052,0.056,0.436
1442,0.306,0.34,21.8,2.024,0.058,0.43
1443,0.308,0.342,21.798,2.044,0.064,0.432
1444,0.312,0.354,21.744,2.034,0.062,0.426
1445,0.296,0.336,21.7,2.024,0.058,0.42
1446,0.288,0.324,21.7,2.05,0.046,0.418
1447,0.276,0.316,21.7,2.044,0.054,0.416
1448,0.27,0.312,21.7,2.056,0.048,0.402
1449,0.266,0.308,21.7,2.09,0.048,0.4
1450,0.264,0.304,21.7,2.106,0.024,0.39
1451,0.26,0.3,21.67,2.092,0.046,0.39
1452,0.264,0.296,21.6,2.086,0.07,0.382
1453,0.258,0.29,21.6,2.09,0.074,0.38
1454,0.25,0.29,21.6,2.104,0.076,0.372
1455,0.248,0.286,21.546,2.098,0.072,0.37
1456,0.248,0.284,21.502,2.082,0.082,0.37
1457,0.24,0.272,21.5,2.09,0.096,0.37
1458,0.244,0.27,21.5,2.102,0.096,0.366
1459,0.252,0.276,21.5,2.072,0.172,0.36
1460,0.244,0.27,21.446,2.078,0.21,0.36
1461,0.246,0.27,21.402,2.086,0.092,0.354
1462,0.24,0.268,21.4,2.094,0.076,0.35
1463,0.238,0.26,21.4,2.078,0.086,0.346
1464,0.234,0.26,21.4,2.064,0.09,0.34
1465,0.234,0.26,21.4,2.068,0.06,0.34
1466,0.23,0.26,21.4,2.082,0.064,0.34
1467,0.226,0.26,21.4,2.086,0.07,0.338
1468,0.22,0.26,21.4,2.088,0.084,0.33
1469,0.22,0.254,21.4,2.094,0.066,0.33
1470,0.22,0.258,21.384,2.09,0.062,0.33
1471,0.22,0.252,21.302,2.072,0.074,0.33
1472,0.218,0.25,21.3,2.106,0.07,0.33
1473,0.22,0.248,21.3,2.086,0.086,0.33
1474,0.22,0.248,21.29,2.176,0.094,0.33
1475,0.224,0.244,21.3,2.148,0.154,0.32
1476,0.22,0.252,21.3,2.096,0.294,0.32
1477,0.218,0.242,21.3,2.09,0.088,0.32
1478,0.232,0.25,21.3,2.15,0.24,0.32
1479,0.242,0.266,21.3,2.13,0.096,0.326
1480,0.234,0.262,21.314,2.124,0.084,0.32
1481,0.25,0.27,21.364,2.172,0.076,0.324
1482,0.256,0.284,21.4,2.14,0.064,0.34
1483,0.254,0.28,21.4,2.166,0.064,0.336
1484,0.258,0.288,21.4,2.13,0.08,0.344
1485,0.27,0.3,21.4,2.162,0.09,0.358
1486,0.282,0.312,21.4,2.178,0.072,0.36
1487,0.28,0.308,21.4,2.186,0.088,0.366
1488,0.294,0.318,21.41,2.174,0.062,0.374
1489,0.276,0.308,21.5,2.168,0.072,0.39
1490,0.262,0.29,21.5,2.154,0.09,0.39
1491,0.274,0.302,21.5,2.168,0.06,0.394
1492,0.306,0.334,21.574,2.156,0.06,0.394
1493,0.304,0.336,21.6,2.152,0.076,0.374
1494,0.28,0.312,21.6,2.174,0.08,0.376
1495,0.296,0.326,21.654,2.156,0.09,0.402
1496,0.272,0.308,21.7,2.144,0.074,0.418
1497,0.284,0.318,21.7,2.144,0.054,0.398
1498,0.288,0.322,21.7,2.134,0.072,0.4
1499,0.294,0.33,21.7,2.15,0.058,0.394
1500,0.27,0.302,21.7,2.17,0.072,0.394
1501,0.26,0.29,21.7,2.134,0.076,0.4
1502,0.264,0.292,21.7,2.116,0.068,0.406
1503,0.282,0.306,21.7,2.164,0.082,0.382
1504,0.318,0.338,21.7,2.152,0.08,0.368
1505,0.306,0.328,21.7,2.142,0.076,0.366
1506,0.32,0.346,21.7,2.148,0.066,0.382
1507,0.33,0.352,21.7,2.164,0.068,0.408
1508,0.344,0.372,21.7,2.13,0.082,0.412
1509,0.338,0.368,21.7,2.12,0.078,0.424
1510,0.324,0.348,21.7,2.15,0.062,0.432
1511,0.3,0.328,21.7,2.146,0.042,0.444
1512,0.314,0.348,21.7,2.172,0.026,0.446
1513,0.326,0.352,21.7,2.13,0.066,0.434
1514,0.282,0.314,21.7,2.144,0.062,0.414
1515,0.26,0.284,21.704,2.142,0.082,0.418
1516,0.256,0.282,21.7,2.192,0.054,0.42
1517,0.248,0.276,21.7,2.156,0.074,0.396
1518,0.246,0.27,21.7,2.072,0.076,0.364
1519,0.26,0.284,21.7,2.08,0.072,0.36
1520,0.25,0.278,21.7,2.172,0.074,0.36
1521,0.274,0.3,21.7,2.17,0.086,0.358
1522,0.292,0.328,21.7,2.14,0.092,0.36
1523,0.276,0.308,21.7,2.124,0.096,0.36
1524,0.28,0.304,21.7,2.128,0.088,0.374
1525,0.306,0.33,21.7,2.166,0.086,0.402
1526,0.318,0.346,21.7,2.134,0.222,0.402
1527,0.326,0.354,21.7,2.114,0.09,0.398
1528,0.314,0.344,21.7,2.138,0.064,0.412
1529,0.294,0.322,21.7,2.054,0.092,0.428
1530,0.292,0.316,21.7,2.126,0.256,0.44
1531,0.306,0.33,21.7,2.13,0.124,0.434
1532,0.288,0.32,21.7,2.162,0.082,0.418
1533,0.278,0.31,21.7,2.164,0.07,0.4
1534,0.284,0.314,21.7,2.134,0.044,0.414
1535,0.294,0.32,21.7,2.122,0.064,0.406
1536,0.28,0.308,21.7,2.106,0.072,0.4
1537,0.262,0.29,21.7,2.066,0.074,0.4
1538,0.264,0.294,21.7,1.988,0.074,0.402
1539,0.268,0.296,21.7,2.08,0.06,0.402
1540,0.262,0.29,21.7,2.09,0.072,0.38
1541,0.256,0.288,21.7,2.046,0.082,0.374
1542,0.24,0.27,21.7,2.052,0.098,0.38
1543,0.25,0.27,21.692,2.132,0.334,0.376
1544,0.242,0.27,21.7,2.128,0.304,0.376
1545,0.242,0.266,21.7,2.116,0.164,0.36
1546,0.246,0.27,21.7,2.078,0.074,0.36
1547,0.244,0.27,21.622,2.054,0.054,0.358
1548,0.242,0.268,21.6,2.074,0.064,0.35
1549,0.238,0.314,21.6,2.046,0.08,0.356
1550,0.24,0.336,21.552,2.044,0.17,0.36
1551,0.242,0.324,21.5,2.066,0.078,0.36
1552,0.234,0.312,21.5,2.078,0.082,0.36
1553,0.23,0.304,21.5,2.06,0.09,0.36
1554,0.24,0.342,21.5,2.082,0.11,0.36
1555,0.248,0.376,21.46,2.072,0.222,0.362
1556,0.24,0.296,21.4,2.082,0.126,0.382
1557,0.264,0.328,21.4,2.122,0.086,0.394
1558,0.254,0.328,21.4,2.102,0.238,0.406
1559,0.234,0.318,21.4,2.15,0.102,0.414
1560,0.216,0.298,21.4,2.132,0.086,0.428
1561,0.21,0.304,21.4,2.268,0.088,0.422
1562,0.214,0.292,21.4,2.336,0.084,0.4
1563,0.214,0.292,21.4,2.266,0.084,0.394
1564,0.218,0.292,21.366,2.354,0.158,0.39
1565,0.222,0.282,21.3,2.378,0.272,0.388
1566,0.268,0.336,21.346,2.464,0.222,0.376
1567,0.276,0.354,21.4,2.418,0.272,0.37
1568,0.274,0.342,21.4,2.376,0.302,0.368
1569,0.298,0.374,21.4,2.38,0.298,0.412
1570,0.326,0.412,21.4,2.386,0.182,0.44
1571,0.328,0.41,21.4,2.434,0.088,0.444
1572,0.346,0.404,21.404,2.4,0.078,0.48
1573,0.272,0.316,21.49,2.444,0.054,0.518
1574,0.266,0.308,21.462,2.43,0.064,0.526
1575,0.242,0.292,21.4,2.424,0.078,0.496
1576,0.24,0.286,21.4,2.38,0.086,0.398
1577,0.236,0.288,21.4,2.36,0.088,0.37
1578,0.238,0.306,21.4,2.362,0.086,0.362
1579,0.236,0.304,21.4,2.348,0.07,0.356
1580,0.24,0.294,21.4,2.364,0.076,0.35
1581,0.242,0.302,21.4,2.338,0.072,0.352
1582,0.256,0.318,21.4,2.338,0.076,0.354
1583,0.27,0.306,21.4,2.366,0.04,0.35
1584,0.238,0.28,21.4,2.406,0.046,0.358
1585,0.21,0.264,21.4,2.404,0.074,0.388
1586,0.216,0.268,21.4,2.382,0.094,0.384
1587,0.218,0.268,21.4,2.364,0.082,0.358
1588,0.222,0.282,21.4,2.372,0.092,0.34
1589,0.238,0.296,21.4,2.304,0.09,0.344
1590,0.224,0.28,21.4,2.292,0.158,0.34
1591,0.236,0.272,21.4,2.276,0.1,0.344
1592,0.236,0.266,21.304,2.374,0.098,0.36
1593,0.26,0.274,21.302,2.374,0.098,0.36
1594,0.248,0.262,21.374,2.392,0.108,0.358
1595,0.228,0.26,21.4,2.372,0.248,0.354
1596,0.258,0.28,21.4,2.394,0.22,0.344
1597,0.256,0.29,21.4,2.398,0.116,0.33
1598,0.266,0.3,21.4,2.4,0.056,0.33
1599,0.272,0.308,21.4,2.358,0.056,0.346
1600,0.302,0.316,21.4,2.364,0.068,0.358
1601,0.304,0.316,21.4,2.382,0.052,0.366
1602,0.286,0.304,21.4,2.376,0.064,0.378
1603,0.254,0.28,21.4,2.406,0.068,0.38
1604,0.242,0.268,21.4,2.342,0.058,0.38
1605,0.254,0.276,21.4,2.366,0.086,0.366
1606,0.26,0.294,21.4,2.358,0.158,0.344
1607,0.262,0.296,21.4,2.4,0.31,0.34
1608,0.262,0.296,21.41,2.368,0.09,0.34
1609,0.268,0.308,21.42,2.404,0.094,0.352
1610,0.264,0.304,21.5,2.37,0.098,0.36
1611,0.254,0.29,21.5,2.384,0.088,0.36
1612,0.27,0.304,21.5,2.44,0.076,0.362
1613,0.268,0.316,21.5,2.412,0.05,0.36
1614,0.26,0.31,21.542,2.378,0.064,0.36
1615,0.26,0.302,21.596,2.408,0.076,0.366
1616,0.262,0.296,21.502,2.402,0.092,0.37
1617,0.262,0.31,21.5,2.412,0.08,0.36
1618,0.264,0.306,21.51,2.404,0.072,0.36
1619,0.262,0.304,21.564,2.368,0.074,0.362
1620,0.252,0.292,21.6,2.404,0.076,0.37
1621,0.266,0.302,21.6,2.402,0.066,0.37
1622,0.278,0.324,21.614,2.424,0.044,0.364
1623,0.268,0.316,21.678,2.418,0.054,0.354
1624,0.26,0.298,21.618,2.41,0.062,0.364
1625,0.256,0.292,21.6,2.386,0.082,0.384
1626,0.26,0.3,21.6,2.394,0.076,0.37
1627,0.266,0.322,21.6,2.38,0.074,0.36
1628,0.26,0.32,21.6,2.368,0.082,0.36
1629,0.248,0.302,21.6,2.368,0.07,0.366
1630,0.248,0.298,21.552,2.212,0.08,0.388
1631,0.236,0.29,21.5,2.208,0.086,0.38
1632,0.232,0.282,21.5,2.204,0.082,0.362
1633,0.228,0.28,21.418,2.2,0.086,0.358
1634,0.23,0.278,21.4,2.214,0.062,0.35
1635,0.224,0.274,21.4,2.286,0.06,0.34
1636,0.232,0.276,21.4,2.32,0.066,0.34
1637,0.25,0.306,21.4,2.33,0.062,0.342
1638,0.262,0.312,21.4,2.37,0.07,0.348
1639,0.29,0.34,21.4,2.326,0.06,0.346
1640,0.274,0.326,21.4,2.302,0.058,0.36
1641,0.26,0.31,21.4,2.388,0.05,0.376
1642,0.302,0.348,21.4,2.328,0.05,0.396
1643,0.308,0.362,21.404,2.358,0.086,0.392
1644,0.3,0.352,21.498,2.332,0.098,0.38
1645,0.274,0.336,21.5,2.34,0.09,0.402
1646,0.308,0.358,21.5,2.372,0.064,0.412
1647,0.348,0.4,21.5,2.348,0.07,0.408
1648,0.344,0.388,21.5,2.386,0.07,0.4
1649,0.316,0.364,21.5,2.384,0.08,0.428
1650,0.33,0.38,21.5,2.362,0.048,0.458
1651,0.322,0.362,21.542,2.338,0.088,0.448
1652,0.306,0.344,21.528,2.362,0.086,0.43
1653,0.312,0.356,21.524,2.4,0.072,0.44
1654,0.332,0.38,21.5,2.374,0.08,0.426
1655,0.3,0.352,21.5,2.394,0.248,0.414
1656,0.26,0.306,21.516,2.332,0.504,0.428
1657,0.248,0.29,21.5,2.234,0.324,0.44
1658,0.262,0.302,21.5,2.232,0.59,0.412
1659,0.26,0.302,21.458,2.25,0.65,0.376
1660,0.254,0.294,21.402,2.318,0.384,0.352
1661,0.266,0.312,21.4,2.38,0.308,0.36
1662,0.278,0.32,21.4,2.358,0.138,0.368
1663,0.314,0.358,21.41,2.376,0.088,0.362
1664,0.308,0.348,21.466,2.33,0.124,0.378
1665,0.29,0.336,21.5,2.356,0.082,0.394
1666,0.32,0.364,21.5,2.388,0.09,0.42
1667,0.318,0.37,21.5,2.378,0.098,0.408
1668,0.304,0.35,21.51,2.388,0.092,0.4
1669,0.304,0.35,21.594,2.358,0.3,0.424
1670,0.304,0.352,21.608,2.384,0.318,0.432
1671,0.314,0.366,21.608,2.356,0.084,0.424
1672,0.332,0.388,21.606,2.346,0.074,0.42
1673,0.31,0.362,21.658,2.37,0.092,0.426
1674,0.308,0.35,21.7,2.324,0.092,0.428
1675,0.29,0.33,21.7,2.392,0.316,0.44
1676,0.306,0.346,21.7,2.376,0.232,0.434
1677,0.306,0.346,21.7,2.366,0.102,0.424
1678,0.286,0.33,21.7,2.356,0.062,0.402
1679,0.274,0.318,21.7,2.362,0.068,0.406
1680,0.268,0.314,21.7,2.392,0.08,0.408
1681,0.26,0.31,21.7,2.388,0.154,0.398
1682,0.26,0.31,21.7,2.396,0.19,0.386
1683,0.284,0.32,21.7,2.372,0.09,0.372
1684,0.3,0.344,21.7,2.344,0.09,0.37
1685,0.304,0.346,21.7,2.394,0.132,0.37
1686,0.308,0.354,21.7,2.374,0.16,0.38
1687,0.314,0.35,21.7,2.394,0.33,0.402
1688,0.326,0.366,21.7,2.346,0.298,0.414
1689,0.318,0.36,21.7,2.362,0.236,0.414
1690,0.306,0.346,21.7,2.416,0.11,0.416
1691,0.294,0.334,21.7,2.394,0.088,0.42
1692,0.308,0.346,21.7,2.414,0.082,0.42
1693,0.296,0.336,21.7,2.336,0.078,0.4
1694,0.282,0.318,21.7,2.3,0.076,0.392
1695,0.276,0.314,21.7,2.278,0.086,0.4
1696,0.276,0.316,21.7,2.282,0.09,0.4
1697,0.278,0.312,21.616,2.348,0.084,0.39
1698,0.294,0.33,21.6,2.382,0.066,0.38
1699,0.3,0.356,21.6,2.35,0.064,0.38
1700,0.296,0.348,21.6,2.364,0.056,0.38
1701,0.298,0.348,21.616,2.376,0.078,0.39
1702,0.308,0.358,21.7,2.368,0.092,0.408
1703,0.356,0.41,21.7,2.344,0.086,0.412
1704,0.356,0.416,21.7,2.364,0.086,0.412
1705,0.316,0.382,21.7,2.378,0.084,0.428
1706,0.32,0.374,21.7,2.336,0.124,0.468
1707,0.316,0.362,21.7,2.362,0.352,0.486
1708,0.342,0.382,21.7,2.36,0.566,0.448
1709,0.332,0.386,21.7,2.372,0.478,0.424
1710,0.314,0.358,21.7,2.336,0.486,0.426
1711,0.3,0.342,21.7,2.252,0.318,0.442
1712,0.286,0.334,21.654,2.262,0.286,0.444
1713,0.282,0.33,21.6,2.246,0.236,0.424
1714,0.274,0.33,21.58,2.266,0.306,0.414
1715,0.27,0.314,21.502,2.278,0.34,0.396
1716,0.274,0.32,21.5,2.272,0.232,0.39
1717,0.27,0.31,21.5,2.28,0.16,0.384
1718,0.274,0.31,21.44,2.33,0.238,0.376
1719,0.27,0.312,21.4,2.36,0.248,0.386
1720,0.288,0.332,21.446,2.382,0.312,0.37
1721,0.304,0.346,21.49,2.364,0.238,0.37
1722,0.318,0.376,21.5,2.338,0.214,0.374
1723,0.302,0.362,21.5,2.33,0.13,0.394
1724,0.296,0.348,21.52,2.384,0.09,0.412
1725,0.3,0.35,21.6,2.364,0.07,0.43
1726,0.282,0.334,21.6,2.374,0.08,0.424
1727,0.288,0.336,21.692,2.372,0.068,0.41
1728,0.292,0.34,21.7,2.334,0.068,0.402
1729,0.278,0.322,21.7,2.33,0.066,0.39
1730,0.27,0.312,21.7,2.196,0.072,0.39
1731,0.27,0.31,21.63,2.284,0.088,0.39
1732,0.278,0.322,21.6,2.33,0.11,0.378
1733,0.274,0.318,21.66,2.342,0.092,0.37
1734,0.276,0.32,21.7,2.37,0.074,0.37
1735,0.282,0.326,21.7,2.368,0.076,0.382
1736,0.31,0.352,21.7,2.362,0.058,0.374
1737,0.31,0.358,21.7,2.378,0.092,0.374
1738,0.306,0.346,21.7,2.388,0.082,0.386
1739,0.308,0.358,21.7,2.388,0.08,0.408
1740,0.314,0.358,21.7,2.366,0.07,0.414
1741,0.314,0.358,21.7,2.338,0.08,0.406
1742,0.352,0.398,21.7,2.364,0.13,0.42
1743,0.384,0.434,21.728,2.362,0.288,0.42
1744,0.374,0.434,21.8,2.348,0.13,0.42
1745,0.352,0.404,21.8,2.358,0.066,0.452
1746,0.364,0.412,21.8,2.328,0.06,0.482
1747,0.349,0.402,21.85,1.51,0.06,0.485
1748,0.522,0.528,21.9,1.216,0.064,0.474
1749,0.48,0.474,21.81,2.346,0.062,0.485
1750,0.383,0.428,21.7,2.312,0.05,0.473
1751,0.348,0.398,21.7,2.348,0.068,0.57
1752,0.314,0.354,21.7,2.314,0.076,0.568
1753,0.306,0.346,21.674,2.316,0.054,0.496
1754,0.286,0.33,21.6,2.312,0.05,0.46
1755,0.29,0.334,21.596,2.356,0.036,0.426
1756,0.324,0.37,21.598,2.342,0.046,0.42
1757,0.32,0.382,21.6,2.352,0.084,0.416
1758,0.312,0.36,21.672,2.368,0.078,0.418
1759,0.326,0.374,21.7,2.388,0.064,0.444
1760,0.31,0.368,21.7,2.392,0.072,0.45
1761,0.308,0.352,21.7,2.404,0.084,0.43
1762,0.3,0.34,21.7,2.386,0.076,0.436
1763,0.288,0.33,21.7,2.326,0.082,0.434
1764,0.278,0.32,21.7,2.308,0.078,0.42
1765,0.274,0.32,21.64,2.306,0.07,0.41
1766,0.27,0.318,21.6,2.328,0.088,0.396
1767,0.268,0.314,21.6,2.31,0.094,0.39
1768,0.28,0.32,21.53,2.294,0.088,0.386
1769,0.288,0.334,21.5,2.282,0.3,0.39
1770,0.296,0.352,21.5,2.3,0.122,0.384
1771,0.292,0.358,21.496,2.298,0.084,0.394
1772,0.302,0.366,21.41,2.332,0.06,0.4
1773,0.31,0.35,21.4,2.348,0.084,0.41
1774,0.332,0.388,21.4,2.368,0.086,0.42
1775,0.288,0.342,21.4,2.354,0.07,0.42
1776,0.292,0.336,21.4,2.344,0.072,0.426
1777,0.296,0.342,21.4,2.378,0.082,0.456
1778,0.278,0.326,21.454,2.36,0.09,0.426
1779,0.3,0.354,21.5,2.366,0.072,0.41
1780,0.284,0.334,21.5,2.378,0.062,0.416
1781,0.276,0.316,21.5,2.384,0.072,0.402
1782,0.296,0.374,21.5,2.364,0.088,0.418
1783,0.27,0.316,21.5,2.37,0.1,0.4
1784,0.26,0.318,21.5,2.26,0.098,0.4
1785,0.268,0.32,21.5,2.356,0.098,0.418
1786,0.252,0.322,21.5,2.344,0.084,0.42
1787,0.244,0.296,21.5,2.372,0.086,0.412
1788,0.26,0.318,21.5,2.342,0.088,0.402
1789,0.29,0.346,21.5,2.368,0.096,0.388
1790,0.314,0.374,21.5,2.348,0.09,0.37
1791,0.308,0.368,21.5,2.362,0.08,0.384
1792,0.312,0.374,21.54,2.356,0.092,0.408
1793,0.306,0.368,21.592,2.34,0.062,0.428
1794,0.304,0.368,21.624,2.356,0.094,0.43
1795,0.298,0.356,21.7,2.35,0.098,0.43
1796,0.3,0.364,21.7,2.338,0.1,0.43
1797,0.31,0.364,21.7,2.38,0.25,0.422
1798,0.304,0.366,21.7,2.36,0.354,0.42
1799,0.288,0.346,21.7,2.39,0.318,0.42
1800,0.316,0.38,21.7,2.406,0.304,0.426
1801,0.312,0.372,21.7,2.38,0.408,0.424
1802,0.302,0.36,21.774,2.388,0.35,0.412
1803,0.286,0.34,21.792,2.348,0.168,0.432
1804,0.288,0.34,21.798,2.39,0.08,0.432
1805,0.3,0.348,21.8,2.362,0.068,0.422
1806,0.326,0.382,21.8,2.352,0.07,0.408
1807,0.326,0.382,21.8,2.384,0.064,0.404
1808,0.34,0.398,21.8,2.386,0.064,0.42
1809,0.33,0.394,21.8,2.402,0.072,0.438
1810,0.33,0.396,21.8,2.388,0.076,0.444
1811,0.344,0.406,21.8,2.386,0.048,0.458
1812,0.36,0.418,21.8,2.364,0.052,0.452
1813,0.356,0.422,21.8,2.37,0.06,0.456
1814,0.396,0.464,21.8,2.392,0.066,0.464
1815,0.38,0.458,21.8,2.382,0.08,0.476
1816,0.376,0.456,21.8,2.358,0.064,0.484
1817,0.366,0.446,21.8,2.354,0.078,0.512
1818,0.346,0.418,21.8,2.342,0.076,0.504
1819,0.35,0.422,21.8,2.362,0.08,0.494
1820,0.36,0.43,21.8,2.36,0.064,0.486
1821,0.354,0.43,21.8,2.368,0.084,0.47
1822,0.326,0.402,21.8,2.328,0.078,0.47
1823,0.332,0.402,21.8,2.31,0.066,0.474
1824,0.362,0.436,21.8,2.342,0.086,0.474
1825,0.34,0.414,21.8,2.364,0.088,0.454
1826,0.308,0.368,21.81,2.38,0.08,0.454
1827,0.3,0.36,21.876,2.41,0.084,0.476
1828,0.28,0.344,21.862,2.294,0.074,0.462
1829,0.274,0.334,21.8,2.288,0.054,0.434
1830,0.282,0.332,21.796,2.284,0.09,0.418
1831,0.274,0.322,21.736,2.344,0.082,0.4
1832,0.292,0.342,21.724,2.406,0.078,0.4
1833,0.296,0.344,21.8,2.456,0.064,0.4
1834,0.308,0.356,21.8,2.408,0.078,0.4
1835,0.336,0.38,21.8,2.396,0.038,0.4
1836,0.344,0.402,21.8,2.362,0.044,0.414
1837,0.348,0.406,21.8,2.386,0.07,0.43
1838,0.358,0.42,21.8,2.382,0.078,0.45
1839,0.346,0.406,21.8,2.374,0.07,0.468
1840,0.334,0.398,21.808,2.372,0.064,0.474
1841,0.334,0.396,21.862,2.394,0.062,0.486
1842,0.334,0.386,21.9,2.344,0.044,0.476
1843,0.336,0.39,21.9,2.374,0.038,0.474
1844,0.33,0.378,21.9,2.388,0.076,0.472
1845,0.334,0.386,21.9,2.334,0.078,0.47
1846,0.32,0.37,21.9,2.384,0.092,0.466
1847,0.31,0.358,21.9,2.39,0.048,0.462
1848,0.31,0.358,21.9,2.216,0.022,0.464
1849,0.316,0.362,21.9,1.978,0.058,0.452
1850,0.32,0.374,21.814,2.296,0,0.44
1851,0.31,0.352,21.8,2.31,0,0.448
1852,0.306,0.352,21.752,2.3,0.008,0.456
1853,0.308,0.356,21.704,2.312,0.01,0.456
1854,0.312,0.372,21.7,2.32,0.05,0.44
1855,0.31,0.378,21.7,2.314,0.076,0.438
1856,0.314,0.376,21.7,2.332,0.016,0.442
1857,0.316,0.38,21.7,2.364,0.022,0.458
1858,0.312,0.378,21.652,2.378,0.002,0.46
1859,0.318,0.378,21.602,2.32,0.024,0.46
1860,0.324,0.37,21.6,2.302,0.026,0.47
1861,0.31,0.368,21.532,2.304,0.002,0.47
1862,0.312,0.372,21.5,2.314,0.034,0.462
1863,0.304,0.37,21.5,2.35,0.066,0.454
1864,0.31,0.364,21.478,2.302,0.086,0.448
1865,0.304,0.356,21.404,2.314,0.072,0.44
1866,0.276,0.34,21.4,2.336,0.056,0.44
1867,0.292,0.344,21.4,2.314,0.066,0.44
1868,0.268,0.324,21.4,2.346,0.084,0.44
1869,0.242,0.29,21.4,2.39,0.084,0.43
1870,0.248,0.29,21.4,2.35,0.084,0.428
1871,0.242,0.28,21.4,2.366,0.084,0.402
1872,0.24,0.27,21.358,2.324,0.078,0.372
1873,0.24,0.27,21.304,2.32,0.048,0.366
1874,0.23,0.27,21.3,2.312,0.056,0.36
1875,0.23,0.268,21.3,2.326,0.052,0.36
1876,0.23,0.266,21.3,2.304,0.07,0.356
1877,0.238,0.272,21.254,2.316,0.07,0.35
1878,0.234,0.272,21.206,2.298,0.084,0.348
1879,0.23,0.27,21.2,2.302,0.078,0.346
1880,0.23,0.268,21.2,2.308,0.078,0.354
1881,0.23,0.268,21.2,2.312,0.078,0.36
1882,0.232,0.268,21.2,2.318,0.09,0.36
1883,0.23,0.266,21.2,2.282,0.186,0.36
1884,0.226,0.26,21.2,2.256,0.124,0.36
1885,0.228,0.264,21.2,2.308,0.078,0.36
1886,0.226,0.26,21.168,2.292,0.046,0.358
1887,0.238,0.268,21.11,2.306,0.054,0.36
1888,0.244,0.282,21.1,2.312,0.06,0.36
1889,0.248,0.288,21.1,2.294,0.078,0.36
1890,0.24,0.278,21.1,2.308,0.078,0.358
1891,0.254,0.288,21.1,2.31,0.09,0.352
1892,0.246,0.286,21.024,2.308,0.094,0.352
1893,0.254,0.294,21,2.32,0.086,0.35
1894,0.254,0.298,21,2.296,0.072,0.35
1895,0.248,0.29,21,2.332,0.078,0.342
1896,0.244,0.288,21,2.322,0.082,0.346
1897,0.24,0.29,21,2.364,0.066,0.35
1898,0.224,0.272,21,2.318,0.048,0.35
1899,0.222,0.268,21,2.316,0.074,0.35
1900,0.222,0.27,21,2.33,0.078,0.35
1901,0.22,0.27,21,2.332,0.082,0.342
1902,0.226,0.266,20.992,2.282,0.074,0.342
1903,0.22,0.27,20.914,2.316,0.062,0.342
1904,0.23,0.27,20.9,2.302,0.064,0.34
1905,0.224,0.272,20.9,2.3,0.08,0.346
1906,0.23,0.27,20.9,2.31,0.06,0.342
1907,0.22,0.266,20.9,2.302,0.064,0.348
1908,0.242,0.286,20.86,2.374,0.072,0.35
1909,0.246,0.292,20.826,2.386,0.082,0.346
1910,0.242,0.286,20.9,2.398,0.078,0.342
1911,0.278,0.324,20.954,2.406,0.046,0.358
1912,0.288,0.342,21,2.392,0.056,0.36
1913,0.284,0.342,21,2.402,0.06,0.364
1914,0.294,0.344,21,2.368,0.048,0.396
1915,0.28,0.34,21.03,2.38,0.06,0.414
1916,0.262,0.32,21.1,2.322,0.066,0.42
1917,0.26,0.31,21.034,2.26,0.066,0.42
1918,0.248,0.306,21,2.264,0.07,0.408
1919,0.248,0.29,21,2.228,0.066,0.394
1920,0.242,0.294,21,2.246,0.064,0.39
1921,0.25,0.302,21,2.248,0.072,0.384
1922,0.252,0.3,21,2.244,0.08,0.382
1923,0.242,0.296,21,2.256,0.054,0.38
1924,0.244,0.29,21,2.258,0.054,0.38
1925,0.246,0.29,21,2.274,0.052,0.378
1926,0.24,0.29,20.966,2.272,0.066,0.372
1927,0.238,0.276,20.904,2.3,0.064,0.37
1928,0.238,0.28,20.9,2.298,0.064,0.37
1929,0.234,0.27,20.9,2.286,0.076,0.362
1930,0.24,0.28,20.898,2.292,0.072,0.36
1931,0.24,0.28,20.844,2.278,0.07,0.36
1932,0.24,0.272,20.808,2.29,0.074,0.36
1933,0.236,0.274,20.8,2.29,0.082,0.36
1934,0.244,0.288,20.8,2.334,0.08,0.36
1935,0.246,0.296,20.8,2.376,0.094,0.36
1936,0.24,0.284,20.874,2.364,0.07,0.36
1937,0.246,0.288,20.9,2.364,0.082,0.36
1938,0.252,0.294,20.942,2.404,0.068,0.366
1939,0.272,0.318,21,2.388,0.078,0.36
1940,0.28,0.336,21,2.36,0.078,0.36
1941,0.274,0.334,21,2.37,0.084,0.362
1942,0.306,0.36,21,2.392,0.138,0.384
1943,0.314,0.37,21.052,2.38,0.318,0.4
1944,0.312,0.366,21.1,2.376,0.248,0.4
1945,0.304,0.36,21.1,2.336,0.238,0.424
1946,0.306,0.354,21.124,2.358,0.238,0.43
1947,0.312,0.356,21.2,2.384,0.29,0.424
1948,0.34,0.394,21.2,2.38,0.27,0.42
1949,0.354,0.41,21.2,2.382,0.132,0.42
1950,0.342,0.402,21.2,2.364,0.434,0.424
1951,0.32,0.38,21.2,2.312,0.08,0.446
1952,0.312,0.368,21.182,2.23,0.084,0.466
1953,0.312,0.368,21.1,2.244,0.088,0.458
1954,0.306,0.364,21.1,2.27,0.096,0.438
1955,0.302,0.402,21.072,2.26,0.074,0.43
1956,0.294,0.356,21,2.252,0.07,0.43
1957,0.28,0.348,21,2.348,0.048,0.43
1958,0.288,0.352,21,2.358,0.064,0.44
1959,0.268,0.334,21.066,2.382,0.078,0.436
1960,0.296,0.358,21.1,2.376,0.086,0.424
1961,0.292,0.372,21.1,2.356,0.08,0.414
1962,0.282,0.356,21.1,2.32,0.084,0.4
1963,0.298,0.362,21.1,2.324,0.082,0.418
1964,0.304,0.37,21.162,2.342,0.076,0.428
1965,0.292,0.356,21.2,2.358,0.076,0.42
1966,0.274,0.336,21.2,2.31,0.08,0.428
1967,0.27,0.326,21.2,2.368,0.094,0.43
1968,0.268,0.322,21.2,2.338,0.12,0.422
1969,0.32,0.368,21.2,2.354,0.32,0.404
1970,0.328,0.386,21.2,2.348,0.17,0.396
1971,0.354,0.406,21.2,2.324,0.162,0.396
1972,0.346,0.402,21.222,2.34,0.298,0.43
1973,0.332,0.394,21.3,2.35,0.282,0.454
1974,0.312,0.382,21.3,2.346,0.372,0.468
1975,0.298,0.362,21.3,2.328,0.268,0.47
1976,0.28,0.34,21.3,2.38,0.09,0.456
1977,0.274,0.33,21.3,2.308,0.096,0.44
1978,0.278,0.33,21.3,2.292,0.22,0.426
1979,0.27,0.32,21.272,2.256,0.218,0.404
1980,0.26,0.312,21.2,2.236,0.104,0.402
1981,0.264,0.31,21.2,2.224,0.454,0.4
1982,0.26,0.304,21.2,2.234,0.282,0.39
1983,0.25,0.3,21.2,2.226,0.098,0.382
1984,0.25,0.29,21.2,2.252,0.094,0.384
1985,0.25,0.292,21.2,2.316,0.088,0.374
1986,0.27,0.316,21.19,2.378,0.09,0.37
1987,0.314,0.356,21.196,2.376,0.08,0.362
1988,0.328,0.37,21.2,2.38,0.076,0.364
1989,0.33,0.368,21.2,2.402,0.088,0.388
1990,0.336,0.374,21.2,2.348,0.094,0.422
1991,0.34,0.39,21.206,2.352,0.098,0.44
1992,0.336,0.386,21.256,2.342,0.19,0.44
1993,0.328,0.372,21.3,2.326,0.264,0.442
1994,0.334,0.396,21.3,2.352,0.126,0.454
1995,0.314,0.378,21.268,2.288,0.08,0.454
1996,0.3,0.354,21.204,2.284,0.064,0.44
1997,0.306,0.36,21.214,2.3,0.068,0.456
1998,0.288,0.35,21.284,2.318,0.076,0.444
1999,0.298,0.35,21.3,2.35,0.062,0.43
2000,0.306,0.356,21.3,2.304,0.072,0.43
2001,0.3,0.352,21.302,2.352,0.072,0.42
2002,0.302,0.352,21.332,2.352,0.06,0.42
2003,0.326,0.386,21.4,2.356,0.04,0.42
2004,0.324,0.38,21.4,2.346,0.042,0.42
2005,0.33,0.39,21.4,2.34,0.038,0.422
2006,0.318,0.374,21.4,2.36,0.048,0.438
2007,0.336,0.386,21.4,2.312,0.02,0.446
2008,0.344,0.402,21.4,2.316,0.028,0.452
2009,0.356,0.408,21.4,2.342,0.054,0.438
2010,0.386,0.438,21.4,2.35,0.06,0.452
2011,0.374,0.424,21.406,2.328,0.08,0.468
2012,0.352,0.404,21.462,2.342,0.078,0.476
2013,0.332,0.384,21.5,2.3,0.058,0.498
2014,0.328,0.386,21.418,2.196,0.082,0.496
2015,0.32,0.37,21.4,2.196,0.096,0.474
2016,0.32,0.37,21.4,2.146,0.094,0.452
2017,0.312,0.36,21.4,2.196,0.106,0.444
2018,0.31,0.354,21.348,2.192,0.262,0.44
2019,0.304,0.35,21.3,2.208,0.126,0.434
2020,0.3,0.34,21.3,2.204,0.082,0.43
2021,0.3,0.34,21.26,2.242,0.08,0.426
2022,0.3,0.34,21.202,2.232,0.09,0.42
2023,0.298,0.34,21.2,2.23,0.076,0.418
2024,0.288,0.338,21.2,2.228,0.076,0.41
2025,0.28,0.328,21.2,2.208,0.07,0.406
2026,0.28,0.334,21.2,2.256,0.058,0.4
2027,0.28,0.33,21.2,2.332,0.066,0.4
2028,0.274,0.326,21.168,2.284,0.062,0.404
2029,0.29,0.334,21.186,2.35,0.066,0.4
2030,0.28,0.332,21.164,2.364,0.076,0.4
2031,0.29,0.332,21.196,2.366,0.06,0.4
2032,0.274,0.328,21.2,2.376,0.078,0.408
2033,0.274,0.322,21.2,2.392,0.096,0.402
2034,0.282,0.332,21.2,2.364,0.094,0.406
2035,0.27,0.316,21.2,2.394,0.094,0.402
2036,0.274,0.318,21.2,2.34,0.094,0.4
2037,0.286,0.326,21.2,2.276,0.092,0.396
2038,0.286,0.328,21.2,2.332,0.088,0.386
2039,0.312,0.354,21.2,2.354,0.082,0.39
2040,0.31,0.358,21.2,2.368,0.098,0.39
2041,0.306,0.358,21.2,2.372,0.098,0.396
2042,0.288,0.338,21.212,2.384,0.244,0.42
2043,0.29,0.342,21.246,2.348,0.102,0.424
2044,0.294,0.344,21.216,2.348,0.212,0.426
2045,0.288,0.34,21.2,2.396,0.112,0.408
2046,0.296,0.348,21.2,2.376,0.184,0.406
2047,0.304,0.35,21.2,2.37,0.16,0.412
2048,0.302,0.348,21.2,2.386,0.086,0.404
2049,0.292,0.34,21.2,2.366,0.088,0.4
2050,0.3,0.334,21.2,2.34,0.054,0.4
2051,0.298,0.336,21.2,2.39,0.062,0.404
2052,0.284,0.326,21.2,2.386,0.074,0.408
2053,0.282,0.324,21.202,2.388,0.048,0.4
2054,0.308,0.346,21.204,2.368,0.062,0.4
2055,0.292,0.34,21.252,2.356,0.058,0.39
2056,0.288,0.33,21.22,2.242,0.074,0.392
2057,0.276,0.314,21.2,2.292,0.044,0.4
2058,0.298,0.332,21.2,2.358,0.014,0.4
2059,0.308,0.346,21.21,2.412,0.034,0.4
2060,0.326,0.368,21.296,2.364,0.072,0.394
2061,0.336,0.388,21.3,2.402,0.084,0.414
2062,0.338,0.388,21.3,2.372,0.092,0.428
2063,0.332,0.376,21.3,2.362,0.208,0.442
2064,0.332,0.372,21.308,2.368,0.274,0.46
2065,0.328,0.378,21.344,2.382,0.316,0.46
2066,0.314,0.356,21.4,2.37,0.362,0.452
2067,0.302,0.346,21.394,2.378,0.45,0.45
2068,0.306,0.344,21.4,2.35,0.364,0.446
2069,0.308,0.348,21.4,2.39,0.302,0.434
2070,0.318,0.36,21.4,2.394,0.242,0.422
2071,0.33,0.372,21.4,2.382,0.196,0.42
2072,0.328,0.37,21.4,2.396,0.09,0.422
2073,0.32,0.368,21.4,2.366,0.072,0.436
2074,0.314,0.354,21.4,2.368,0.068,0.44
2075,0.31,0.354,21.4,2.406,0.076,0.448
2076,0.32,0.37,21.4,2.378,0.144,0.442
2077,0.322,0.372,21.4,2.416,0.1,0.43
2078,0.334,0.374,21.4,2.396,0.07,0.432
2079,0.352,0.394,21.4,2.418,0.124,0.44
2080,0.342,0.392,21.4,2.41,0.074,0.44
2081,0.348,0.394,21.4,2.412,0.074,0.454
2082,0.362,0.402,21.4,2.36,0.11,0.47
2083,0.372,0.41,21.404,2.348,0.076,0.47
2084,0.364,0.41,21.45,2.368,0.084,0.47
2085,0.374,0.418,21.5,2.35,0.072,0.474
2086,0.348,0.402,21.5,2.378,0.074,0.488
2087,0.362,0.412,21.5,2.378,0.076,0.49
2088,0.35,0.404,21.5,2.368,0.094,0.496
2089,0.324,0.376,21.5,2.342,0.09,0.47
2090,0.322,0.366,21.44,2.288,0.204,0.47
2091,0.31,0.36,21.4,2.266,0.27,0.458
2092,0.32,0.358,21.4,2.292,0.09,0.44
2093,0.316,0.35,21.4,2.308,0.084,0.432
2094,0.322,0.364,21.4,2.384,0.08,0.424
2095,0.3,0.344,21.4,2.36,0.06,0.42
2096,0.302,0.354,21.4,2.398,0.076,0.42
2097,0.292,0.336,21.4,2.384,0.08,0.43
2098,0.31,0.35,21.4,2.38,0.078,0.426
2099,0.29,0.344,21.4,2.352,0.074,0.42
2100,0.278,0.334,21.4,2.302,0.078,0.408
2101,0.274,0.338,21.4,2.286,0.098,0.452
2102,0.266,0.326,21.4,2.304,0.088,0.518
2103,0.26,0.31,21.348,2.292,0.092,0.52
2104,0.26,0.306,21.302,2.28,0.086,0.52
2105,0.26,0.31,21.3,2.274,0.066,0.52
2106,0.26,0.302,21.3,2.25,0.074,0.52
2107,0.258,0.3,21.3,2.262,0.088,0.518
2108,0.252,0.3,21.226,2.26,0.068,0.51
2109,0.25,0.294,21.202,2.276,0.076,0.506
2110,0.252,0.296,21.2,2.268,0.078,0.5
2111,0.26,0.302,21.2,2.272,0.08,0.5
2112,0.268,0.31,21.2,2.318,0.076,0.494
2113,0.26,0.302,21.2,2.358,0.088,0.498
2114,0.26,0.312,21.2,2.272,0.068,0.492
2115,0.252,0.306,21.2,1.97,0.068,0.476
2116,0.256,0.306,21.2,1.89,0.086,0.484
2117,0.258,0.3,21.2,1.876,0.092,0.494
2118,0.252,0.298,21.2,1.896,0.092,0.484
2119,0.25,0.29,21.2,1.89,0.094,0.482
2120,0.246,0.282,21.2,1.878,0.092,0.48
2121,0.236,0.294,21.2,1.89,0.084,0.476
2122,0.232,0.288,21.2,1.938,0.084,0.458
2123,0.22,0.272,21.2,1.876,0.084,0.442
2124,0.23,0.272,21.2,1.9,0.082,0.44
2125,0.232,0.274,21.172,1.892,0.098,0.44
2126,0.234,0.276,21.11,1.902,0.086,0.44
2127,0.24,0.272,21.1,1.888,0.082,0.44
2128,0.234,0.27,21.1,1.93,0.088,0.432
2129,0.24,0.282,21.1,1.872,0.126,0.424
2130,0.23,0.276,21.1,1.92,0.096,0.42
2131,0.228,0.27,21.1,1.89,0.096,0.42
2132,0.222,0.266,21.1,1.89,0.098,0.43
2133,0.24,0.274,21.094,1.898,0.094,0.43
2134,0.248,0.276,21.09,1.89,0.164,0.43
2135,0.252,0.282,21.058,1.958,0.32,0.44
2136,0.246,0.284,21,1.902,0.33,0.438
2137,0.232,0.272,21,1.926,0.188,0.43
2138,0.234,0.256,21,1.896,0.126,0.43
2139,0.212,0.258,21,1.918,0.08,0.43
2140,0.22,0.252,21,1.892,0.092,0.43
2141,0.21,0.254,21,1.886,0.1,0.43
2142,0.214,0.24,21,1.902,0.092,0.426
2143,0.212,0.248,21,1.914,0.178,0.42
2144,0.21,0.248,21,1.912,0.208,0.418
2145,0.206,0.24,21,1.922,0.078,0.402
2146,0.202,0.256,21,1.922,0.078,0.402
2147,0.208,0.26,21,1.914,0.07,0.42
2148,0.208,0.26,21,1.908,0.086,0.41
2149,0.236,0.278,21,1.948,0.078,0.41
2150,0.21,0.264,21,1.904,0.088,0.406
2151,0.204,0.26,21,1.918,0.082,0.412
2152,0.206,0.26,21,1.912,0.084,0.448
2153,0.204,0.26,21,1.914,0.082,0.418
2154,0.202,0.26,20.974,1.932,0.092,0.4
2155,0.208,0.254,20.904,1.942,0.076,0.4
2156,0.212,0.256,20.9,1.914,0.082,0.396
2157,0.228,0.26,20.9,1.904,0.086,0.39
2158,0.256,0.284,20.9,1.946,0.078,0.39
2159,0.24,0.294,20.9,1.942,0.096,0.39
2160,0.24,0.32,20.892,1.972,0.19,0.41
2161,0.24,0.32,20.838,2.044,0.158,0.448
2162,0.24,0.32,20.802,1.94,0.158,0.468
2163,0.236,0.322,20.8,1.978,0.1,0.488
2164,0.22,0.298,20.8,1.978,0.206,0.496
2165,0.222,0.298,20.8,1.952,0.282,0.5
2166,0.22,0.296,20.8,1.99,0.234,0.496
2167,0.212,0.268,20.8,1.984,0.072,0.45
2168,0.2,0.25,20.8,1.93,0.092,0.416
2169,0.2,0.242,20.8,1.932,0.176,0.398
2170,0.2,0.242,20.8,1.908,0.436,0.374
2171,0.2,0.25,20.8,1.882,0.25,0.35
2172,0.2,0.252,20.8,1.894,0.11,0.34
2173,0.2,0.222,20.8,1.878,0.086,0.34
2174,0.202,0.226,20.8,1.908,0.076,0.34
2175,0.194,0.224,20.8,1.918,0.094,0.344
2176,0.19,0.214,20.79,1.89,0.09,0.35
2177,0.196,0.21,20.726,1.894,0.096,0.362
2178,0.2,0.212,20.7,1.904,0.076,0.384
2179,0.202,0.22,20.7,1.966,0.074,0.396
2180,0.208,0.23,20.7,1.974,0.07,0.414
2181,0.246,0.262,20.706,1.998,0.068,0.42
2182,0.256,0.264,20.796,1.96,0.074,0.41
2183,0.274,0.284,20.8,1.996,0.09,0.432
2184,0.278,0.296,20.8,1.996,0.094,0.474
2185,0.266,0.278,20.8,1.966,0.214,0.488
2186,0.268,0.278,20.8,1.978,0.284,0.496
2187,0.278,0.29,20.858,1.992,0.24,0.496
2188,0.278,0.292,20.9,1.978,0.274,0.462
2189,0.266,0.372,20.946,2.002,0.27,0.454
2190,0.276,0.408,21,1.984,0.3,0.456
2191,0.28,0.316,21,2.028,0.254,0.45
2192,0.286,0.318,21,2.018,0.188,0.444
2193,0.286,0.31,21,2.028,0.088,0.46
2194,0.306,0.316,21,2.05,0.094,0.478
2195,0.328,0.342,21,2.038,0.086,0.488
2196,0.312,0.334,21.048,2.032,0.098,0.468
2197,0.322,0.34,21.1,2.036,0.09,0.484
2198,0.32,0.332,21.1,2.026,0.088,0.518
2199,0.304,0.316,21.1,2.04,0.096,0.504
2200,0.302,0.32,21.11,2.058,0.088,0.512
2201,0.342,0.352,21.2,2.04,0.086,0.498
2202,0.332,0.352,21.2,2.04,0.06,0.484
2203,0.344,0.364,21.2,2.032,0.09,0.484
2204,0.356,0.368,21.2,2.012,0.192,0.51
2205,0.366,0.378,21.2,1.99,0.088,0.512
2206,0.398,0.4,21.2,2,0.072,0.52
2207,0.344,0.374,21.2,1.966,0.09,0.526
2208,0.314,0.36,21.2,1.922,0.096,0.54
2209,0.306,0.36,21.2,1.902,0.096,0.56
2210,0.314,0.358,21.166,1.924,0.094,0.54
2211,0.312,0.358,21.1,1.958,0.088,0.52
2212,0.344,0.4,21.1,2.04,0.088,0.51
2213,0.352,0.4,21.158,2.004,0.088,0.5
2214,0.354,0.424,21.104,1.92,0.072,0.506
2215,0.398,0.452,21.1,1.934,0.054,0.538
2216,0.324,0.388,21.1,1.926,0.066,0.55
2217,0.286,0.368,21.1,1.932,0.068,0.554
2218,0.278,0.352,21.048,1.91,0.062,0.548
2219,0.278,0.35,21,1.93,0.066,0.528
2220,0.278,0.354,21,1.928,0.074,0.52
2221,0.272,0.346,21,1.914,0.07,0.51
2222,0.272,0.342,21,1.926,0.198,0.508
2223,0.276,0.336,21,1.944,0.31,0.5
2224,0.276,0.332,21,1.92,0.308,0.5
2225,0.288,0.364,21,1.92,0.316,0.5
2226,0.324,0.37,21,1.918,0.258,0.494
2227,0.342,0.354,21,1.98,0.254,0.49
2228,0.328,0.376,20.916,1.904,0.31,0.49
2229,0.324,0.378,20.9,1.882,0.274,0.488
2230,0.336,0.364,20.9,1.898,0.13,0.474
2231,0.308,0.364,20.9,1.874,0.086,0.47
2232,0.306,0.356,20.9,1.892,0.086,0.464
2233,0.32,0.352,20.898,1.892,0.24,0.46
2234,0.316,0.344,20.844,1.918,0.1,0.46
2235,0.322,0.33,20.802,1.898,0.32,0.456
2236,0.252,0.308,20.8,1.902,0.282,0.45
2237,0.256,0.316,20.8,1.918,0.282,0.45
2238,0.262,0.318,20.8,1.9,0.294,0.45
2239,0.266,0.314,20.8,1.932,0.084,0.45
2240,0.294,0.33,20.8,1.998,0.078,0.442
2241,0.25,0.308,20.8,1.992,0.088,0.448
2242,0.23,0.3,20.8,1.952,0.09,0.45
2243,0.232,0.29,20.8,1.916,0.094,0.478
2244,0.232,0.29,20.8,1.902,0.088,0.49
2245,0.22,0.304,20.8,1.88,0.092,0.468
2246,0.218,0.286,20.8,1.882,0.098,0.46
2247,0.214,0.3,20.8,1.902,0.072,0.46
2248,0.218,0.296,20.8,1.888,0.076,0.464
2249,0.218,0.286,20.8,1.912,0.072,0.46
2250,0.228,0.286,20.8,1.902,0.082,0.456
2251,0.24,0.32,20.8,1.926,0.086,0.446
2252,0.242,0.304,20.8,1.896,0.082,0.43
2253,0.234,0.292,20.8,1.916,0.08,0.43
2254,0.226,0.294,20.8,1.924,0.088,0.43
2255,0.22,0.264,20.8,1.904,0.096,0.43
2256,0.224,0.268,20.8,1.89,0.088,0.43
2257,0.222,0.274,20.8,1.912,0.32,0.43
2258,0.216,0.272,20.8,1.888,0.3,0.42
2259,0.236,0.28,20.8,1.866,0.234,0.422
2260,0.244,0.274,20.8,1.878,0.304,0.43
2261,0.26,0.272,20.8,1.842,0.334,0.43
2262,0.278,0.276,20.796,1.86,0.124,0.428
2263,0.258,0.272,20.738,1.818,0.098,0.42
2264,0.262,0.28,20.704,1.808,0.136,0.418
2265,0.294,0.286,20.7,1.822,0.34,0.414
2266,0.336,0.29,20.7,1.852,0.326,0.42
2267,0.334,0.294,20.7,1.884,0.362,0.42
2268,0.334,0.29,20.7,1.882,0.312,0.42
2269,0.334,0.29,20.7,1.866,0.316,0.42
2270,0.344,0.288,20.7,1.868,0.312,0.42
2271,0.33,0.278,20.7,1.81,0.322,0.42
2272,0.332,0.27,20.7,1.788,0.25,0.42
2273,0.35,0.272,20.636,1.804,0.252,0.42
2274,0.332,0.27,20.604,1.814,0.3,0.416
2275,0.292,0.282,20.6,1.81,0.286,0.41
2276,0.306,0.282,20.6,1.802,0.304,0.408
2277,0.32,0.294,20.6,1.788,0.332,0.4
2278,0.276,0.268,20.6,1.794,0.296,0.4
2279,0.282,0.26,20.6,1.86,0.288,0.406
2280,0.28,0.268,20.6,1.828,0.392,0.41
2281,0.296,0.264,20.6,1.866,0.344,0.406
2282,0.302,0.268,20.6,1.95,0.356,0.41
2283,0.304,0.27,20.6,1.878,0.404,0.412
2284,0.272,0.262,20.6,1.95,0.464,0.41
2285,0.27,0.26,20.6,1.934,0.328,0.4
2286,0.256,0.252,20.6,1.83,0.408,0.4
2287,0.202,0.234,20.6,1.822,0.668,0.388
2288,0.198,0.23,20.6,1.818,0.802,0.374
2289,0.198,0.23,20.6,1.822,0.48,0.37
2290,0.2,0.234,20.6,1.854,0.512,0.368
2291,0.202,0.236,20.6,1.922,0.65,0.36
2292,0.22,0.252,20.6,1.974,0.622,0.36
2293,0.23,0.272,20.6,1.958,0.346,0.36
2294,0.258,0.302,20.638,1.978,0.336,0.364
2295,0.254,0.3,20.7,1.988,0.362,0.388
2296,0.272,0.316,20.704,1.978,0.27,0.422
2297,0.3,0.316,20.798,1.974,0.276,0.43
2298,0.266,0.286,20.8,1.972,0.278,0.422
2299,0.256,0.28,20.8,1.968,0.132,0.43
2300,0.262,0.296,20.8,1.972,0.088,0.44
2301,0.268,0.304,20.8,1.976,0.094,0.406
2302,0.256,0.296,20.8,1.934,0.088,0.384
2303,0.264,0.294,20.8,1.914,0.096,0.388
2304,0.236,0.268,20.8,1.986,0.082,0.398
2305,0.222,0.258,20.814,1.984,0.086,0.39
2306,0.24,0.264,20.844,2,0.092,0.388
2307,0.254,0.284,20.9,2.008,0.316,0.348
2308,0.254,0.3,20.9,1.99,0.464,0.33
2309,0.222,0.282,20.9,2.026,0.382,0.336
2310,0.234,0.298,20.9,1.904,0.452,0.35
2311,0.226,0.298,20.892,1.894,0.446,0.356
2312,0.222,0.29,20.82,1.888,0.282,0.34
2313,0.228,0.302,20.8,1.896,0.344,0.34
2314,0.27,0.316,20.8,1.9,0.384,0.34
2315,0.28,0.326,20.8,1.874,0.484,0.34
2316,0.238,0.312,20.8,1.866,0.562,0.342
2317,0.222,0.304,20.8,1.898,0.3,0.358
2318,0.218,0.29,20.8,1.904,0.302,0.36
2319,0.21,0.282,20.792,1.988,0.292,0.36
2320,0.232,0.29,20.768,2,0.152,0.354
2321,0.262,0.326,20.8,1.954,0.184,0.34
2322,0.274,0.338,20.8,2.01,0.302,0.34
2323,0.27,0.33,20.8,1.976,0.316,0.356
2324,0.268,0.324,20.874,1.998,0.294,0.384
2325,0.278,0.324,20.9,1.974,0.148,0.396
2326,0.286,0.326,20.908,2.018,0.094,0.398
2327,0.272,0.316,20.998,1.984,0.102,0.394
2328,0.28,0.322,21,2.01,0.094,0.4
2329,0.3,0.334,21,1.958,0.096,0.41
2330,0.29,0.336,21,2.006,0.09,0.402
2331,0.29,0.33,21,2.004,0.078,0.408
2332,0.294,0.332,21,2.018,0.084,0.42
2333,0.308,0.35,21,2.014,0.084,0.42
2334,0.294,0.34,21.038,2.018,0.086,0.408
2335,0.286,0.334,21.1,2.032,0.064,0.418
2336,0.304,0.344,21.1,2.022,0.09,0.428
2337,0.324,0.364,21.102,2.012,0.088,0.418
2338,0.324,0.362,21.102,2.028,0.088,0.408
2339,0.318,0.368,21.11,2.004,0.094,0.428
2340,0.324,0.39,21.144,2.018,0.096,0.446
2341,0.328,0.39,21.2,2.038,0.088,0.45
2342,0.32,0.384,21.2,2.026,0.088,0.45
2343,0.326,0.376,21.2,2.03,0.082,0.452
2344,0.316,0.372,21.2,2.054,0.088,0.454
2345,0.332,0.392,21.2,1.972,0.086,0.44
2346,0.378,0.43,21.2,1.996,0.086,0.448
2347,0.386,0.44,21.2,2.018,0.1,0.44
2348,0.342,0.414,21.222,2.004,0.098,0.462
2349,0.33,0.4,21.208,2.018,0.094,0.496
2350,0.362,0.418,21.2,1.956,0.498,0.506
2351,0.362,0.414,21.2,1.896,0.286,0.48
2352,0.398,0.412,21.2,1.892,0.252,0.47
2353,0.382,0.384,21.17,1.872,0.09,0.496
2354,0.388,0.388,21.1,1.976,0.068,0.486
2355,0.388,0.398,21.136,1.984,0.088,0.482
2356,0.376,0.394,21.2,1.988,0.098,0.468
2357,0.372,0.39,21.2,1.972,0.12,0.46
2358,0.402,0.412,21.2,1.992,0.086,0.454
2359,0.422,0.426,21.204,1.968,0.324,0.45
2360,0.412,0.416,21.254,1.956,0.36,0.448
2361,0.396,0.4,21.3,1.974,0.352,0.466
2362,0.402,0.396,21.3,1.976,0.366,0.486
2363,0.394,0.394,21.3,1.968,0.536,0.474
2364,0.396,0.404,21.288,1.952,0.342,0.458
2365,0.388,0.404,21.292,1.96,0.33,0.458
2366,0.356,0.382,21.3,1.974,0.284,0.454
2367,0.386,0.396,21.296,1.98,0.256,0.462
2368,0.422,0.422,21.296,1.97,0.156,0.472
2369,0.428,0.438,21.3,1.988,0.09,0.456
2370,0.414,0.432,21.3,1.98,0.086,0.46
2371,0.414,0.432,21.3,1.978,0.082,0.48
2372,0.37,0.406,21.3,1.99,0.084,0.49
2373,0.322,0.376,21.3,2.026,0.106,0.498
2374,0.332,0.386,21.304,2.018,0.182,0.496
2375,0.34,0.408,21.308,1.972,0.33,0.462
2376,0.332,0.404,21.302,1.914,0.382,0.44
2377,0.334,0.376,21.298,1.98,0.308,0.444
2378,0.338,0.384,21.28,1.992,0.298,0.466
2379,0.322,0.38,21.3,2.018,0.124,0.462
2380,0.3,0.37,21.3,2.008,0.086,0.442
2381,0.282,0.352,21.3,1.91,0.174,0.456
2382,0.278,0.344,21.3,1.926,0.078,0.44
2383,0.288,0.346,21.244,1.912,0.068,0.426
2384,0.284,0.344,21.2,1.99,0.076,0.406
2385,0.308,0.364,21.2,1.988,0.076,0.412
2386,0.312,0.366,21.224,2.006,0.08,0.406
2387,0.318,0.372,21.218,2.004,0.088,0.402
2388,0.32,0.372,21.3,2.006,0.082,0.418
2389,0.312,0.37,21.3,2.026,0.076,0.42
2390,0.314,0.37,21.3,2.028,0.074,0.426
2391,0.322,0.384,21.3,1.992,0.098,0.43
2392,0.318,0.378,21.392,1.996,0.09,0.42
2393,0.318,0.378,21.4,2.012,0.094,0.424
2394,0.342,0.402,21.4,1.998,0.098,0.43
2395,0.366,0.424,21.4,1.988,0.092,0.43
2396,0.376,0.434,21.4,2.012,0.084,0.432
2397,0.33,0.396,21.4,1.932,0.094,0.454
2398,0.342,0.398,21.4,1.986,0.44,0.48
2399,0.364,0.424,21.4,1.956,0.48,0.484
2400,0.37,0.436,21.4,1.944,0.532,0.456
2401,0.37,0.438,21.4,1.998,0.37,0.458
2402,0.362,0.428,21.4,2.002,0.36,0.476
2403,0.322,0.388,21.4,2.006,0.566,0.49
2404,0.314,0.372,21.4,1.916,0.34,0.494
2405,0.326,0.39,21.4,1.874,0.308,0.478
2406,0.33,0.392,21.4,1.896,0.282,0.446
2407,0.34,0.398,21.4,1.974,0.312,0.43
2408,0.316,0.382,21.4,2.034,0.448,0.436
2409,0.304,0.354,21.4,1.998,0.626,0.44
2410,0.308,0.36,21.4,1.91,0.304,0.446
2411,0.31,0.35,21.4,1.908,0.174,0.43
2412,0.352,0.39,21.342,1.904,0.088,0.418
2413,0.336,0.404,21.3,1.964,0.094,0.426
2414,0.372,0.496,21.3,2.008,0.078,0.454
2415,0.348,0.454,21.358,2.048,0.088,0.516
2416,0.326,0.404,21.4,2.006,0.162,0.57
2417,0.302,0.382,21.4,1.906,0.31,0.584
2418,0.276,0.386,21.374,1.91,0.27,0.554
2419,0.27,0.38,21.32,1.886,0.278,0.526
2420,0.268,0.378,21.3,1.906,0.352,0.52
2421,0.268,0.392,21.3,1.97,0.344,0.52
2422,0.278,0.386,21.294,1.944,0.282,0.52
2423,0.27,0.368,21.226,1.91,0.088,0.52
2424,0.26,0.376,21.2,1.932,0.09,0.52
2425,0.262,0.38,21.2,1.912,0.084,0.52
2426,0.26,0.374,21.2,1.91,0.084,0.512
2427,0.27,0.364,21.2,1.916,0.1,0.51
2428,0.27,0.356,21.2,1.92,0.084,0.51
2429,0.28,0.344,21.2,1.946,0.094,0.512
2430,0.28,0.342,21.2,1.918,0.094,0.514
2431,0.268,0.328,21.2,1.89,0.074,0.52
2432,0.254,0.314,21.2,1.912,0.082,0.524
2433,0.244,0.31,21.152,1.902,0.08,0.528
2434,0.248,0.31,21.104,1.892,0.09,0.51
2435,0.244,0.31,21.1,1.93,0.086,0.478
2436,0.26,0.314,21.1,1.904,0.092,0.47
2437,0.254,0.312,21.1,1.906,0.082,0.47
2438,0.236,0.304,21.1,1.914,0.096,0.462
2439,0.244,0.328,21.02,1.902,0.096,0.46
2440,0.24,0.318,21.004,1.912,0.214,0.46
2441,0.242,0.314,21,1.906,0.35,0.452
2442,0.244,0.318,21,1.962,0.336,0.458
2443,0.254,0.326,21,1.98,0.314,0.454
2444,0.264,0.34,21,2.02,0.36,0.43
2445,0.284,0.346,21,2.022,0.362,0.4
2446,0.3,0.35,21.046,2.028,0.292,0.406
2447,0.328,0.334,21.1,2.012,0.238,0.426
2448,0.288,0.322,21.1,2.032,0.236,0.438
2449,0.274,0.336,21.148,2.008,0.262,0.458
2450,0.266,0.34,21.2,2.022,0.132,0.446
2451,0.28,0.338,21.2,1.986,0.082,0.43
2452,0.298,0.344,21.2,2.004,0.086,0.43
2453,0.31,0.356,21.2,2.016,0.094,0.43
2454,0.324,0.366,21.2,2.008,0.098,0.426
2455,0.308,0.356,21.22,2.006,0.096,0.43
2456,0.308,0.356,21.206,2.03,0.128,0.43
2457,0.312,0.356,21.238,2.046,0.376,0.44
2458,0.306,0.348,21.298,2.052,0.408,0.44
2459,0.322,0.36,21.3,2.032,0.348,0.44
2460,0.306,0.348,21.3,1.962,0.336,0.434
2461,0.288,0.336,21.3,1.976,0.324,0.43
2462,0.286,0.328,21.3,2.026,0.374,0.43
2463,0.284,0.334,21.3,2.002,0.1,0.42
2464,0.296,0.34,21.304,2.01,0.172,0.416
2465,0.308,0.348,21.34,2.028,0.148,0.414
2466,0.308,0.35,21.4,2.014,0.076,0.42
2467,0.302,0.344,21.4,2.002,0.102,0.42
2468,0.286,0.336,21.4,1.988,0.264,0.43
2469,0.306,0.35,21.4,1.998,0.292,0.43
2470,0.296,0.346,21.4,1.964,0.328,0.422
2471,0.308,0.352,21.4,1.938,0.29,0.416
2472,0.31,0.366,21.4,1.988,0.324,0.426
2473,0.316,0.364,21.4,1.956,0.302,0.428
2474,0.314,0.358,21.4,1.964,0.24,0.434
2475,0.32,0.366,21.4,1.988,0.082,0.43
2476,0.32,0.364,21.4,2.002,0.082,0.428
2477,0.316,0.358,21.4,2.002,0.086,0.42
2478,0.306,0.342,21.4,1.99,0.094,0.43
2479,0.304,0.344,21.4,1.996,0.088,0.428
2480,0.31,0.35,21.4,2.014,0.09,0.418
2481,0.302,0.342,21.4,2.01,0.088,0.404
2482,0.3,0.34,21.402,2.002,0.122,0.404
2483,0.312,0.352,21.4,1.998,0.148,0.408
2484,0.316,0.358,21.474,1.976,0.222,0.4
2485,0.336,0.382,21.5,1.988,0.112,0.4
2486,0.358,0.404,21.5,1.968,0.088,0.416
2487,0.33,0.38,21.5,1.992,0.096,0.422
2488,0.33,0.376,21.5,1.946,0.094,0.442
2489,0.356,0.406,21.5,1.974,0.152,0.456
2490,0.362,0.414,21.5,1.958,0.064,0.436
2491,0.326,0.378,21.5,1.954,0.086,0.434
2492,0.324,0.366,21.562,1.938,0.096,0.456
2493,0.32,0.362,21.6,1.918,0.336,0.468
2494,0.31,0.35,21.502,1.906,0.65,0.436
2495,0.342,0.376,21.5,1.878,0.624,0.42
2496,0.366,0.404,21.526,1.962,0.472,0.42
2497,0.374,0.41,21.588,1.962,0.558,0.422
2498,0.4,0.448,21.6,1.984,0.642,0.442
2499,0.386,0.432,21.6,1.96,0.522,0.46
2500,0.388,0.426,21.606,1.96,0.444,0.482
2501,0.358,0.394,21.644,1.968,0.354,0.51
2502,0.348,0.4,21.7,1.942,0.486,0.504
2503,0.342,0.396,21.7,1.946,0.32,0.496
2504,0.338,0.388,21.652,1.874,0.304,0.468
2505,0.34,0.388,21.6,1.886,0.478,0.46
2506,0.336,0.386,21.566,1.868,0.336,0.454
2507,0.334,0.374,21.502,1.886,0.31,0.458
2508,0.348,0.374,21.5,1.87,0.328,0.46
2509,0.338,0.356,21.5,1.872,0.276,0.464
2510,0.332,0.362,21.422,1.868,0.216,0.472
2511,0.316,0.354,21.4,1.872,0.234,0.486
2512,0.316,0.356,21.4,1.882,0.112,0.476
2513,0.33,0.36,21.4,1.862,0.09,0.462
2514,0.3,0.326,21.4,1.848,0.078,0.452
2515,0.312,0.326,21.4,1.96,0.08,0.454
2516,0.348,0.36,21.4,1.928,0.07,0.456
2517,0.33,0.356,21.4,1.954,0.072,0.43
2518,0.322,0.358,21.4,1.95,0.078,0.422
2519,0.33,0.356,21.462,1.95,0.222,0.442
2520,0.36,0.384,21.5,1.952,0.324,0.434
2521,0.358,0.388,21.5,1.982,0.276,0.422
2522,0.326,0.36,21.5,1.968,0.318,0.43
2523,0.322,0.358,21.5,1.942,0.266,0.452
2524,0.334,0.366,21.5,1.956,0.258,0.454
2525,0.37,0.394,21.5,1.97,0.28,0.434
2526,0.382,0.412,21.506,1.94,0.302,0.43
2527,0.362,0.394,21.556,1.952,0.284,0.436
2528,0.374,0.408,21.6,1.98,0.292,0.462
2529,0.364,0.402,21.6,1.972,0.288,0.472
2530,0.352,0.392,21.608,1.976,0.282,0.464
2531,0.348,0.39,21.642,1.956,0.25,0.47
2532,0.346,0.39,21.7,1.958,0.146,0.468
2533,0.356,0.39,21.7,1.972,0.084,0.454
2534,0.342,0.378,21.7,1.97,0.086,0.45
2535,0.336,0.37,21.7,1.958,0.212,0.456
2536,0.37,0.404,21.7,1.988,0.292,0.452
2537,0.362,0.396,21.7,1.968,0.288,0.44
2538,0.356,0.386,21.7,1.996,0.314,0.44
2539,0.35,0.382,21.7,1.978,0.348,0.466
2540,0.34,0.378,21.706,1.95,0.244,0.464
2541,0.366,0.394,21.704,1.922,0.238,0.452
2542,0.364,0.398,21.702,1.926,0.212,0.442
2543,0.362,0.394,21.778,1.948,0.09,0.44
2544,0.372,0.402,21.798,1.94,0.092,0.45
2545,0.364,0.408,21.8,1.954,0.096,0.46
2546,0.38,0.42,21.8,1.952,0.126,0.46
2547,0.36,0.4,21.8,1.964,0.156,0.47
2548,0.372,0.396,21.8,1.962,0.086,0.47
2549,0.358,0.392,21.8,1.962,0.068,0.472
2550,0.342,0.376,21.8,1.966,0.082,0.46
2551,0.362,0.394,21.8,1.978,0.08,0.46
2552,0.36,0.396,21.8,1.962,0.078,0.448
2553,0.368,0.4,21.804,1.968,0.062,0.44
2554,0.38,0.4,21.8,1.972,0.05,0.454
2555,0.388,0.418,21.818,1.988,0.044,0.46
2556,0.368,0.396,21.9,1.972,0.076,0.46
2557,0.364,0.39,21.888,1.964,0.082,0.464
2558,0.398,0.43,21.84,1.974,0.082,0.468
2559,0.394,0.428,21.824,1.99,0.078,0.458
2560,0.394,0.426,21.848,1.988,0.084,0.458
2561,0.376,0.406,21.89,1.994,0.09,0.49
2562,0.366,0.404,21.82,1.968,0.302,0.492
2563,0.372,0.418,21.812,1.988,0.246,0.486
2564,0.356,0.406,21.87,1.998,0.084,0.472
2565,0.34,0.388,21.834,1.986,0.092,0.464
2566,0.346,0.394,21.9,1.98,0.088,0.468
2567,0.334,0.38,21.9,1.984,0.09,0.458
2568,0.336,0.378,21.898,1.882,0.084,0.448
2569,0.33,0.378,21.806,1.88,0.092,0.442
2570,0.326,0.368,21.8,1.856,0.092,0.434
2571,0.308,0.344,21.758,1.87,0.074,0.43
2572,0.324,0.356,21.702,1.944,0.074,0.42
2573,0.342,0.386,21.704,1.946,0.054,0.42
2574,0.332,0.37,21.764,1.95,0.062,0.412
2575,0.336,0.378,21.8,1.93,0.044,0.42
2576,0.32,0.352,21.8,1.904,0.052,0.438
2577,0.308,0.342,21.8,1.876,0.058,0.43
2578,0.304,0.338,21.724,1.97,0.046,0.424
2579,0.32,0.356,21.72,1.976,0.044,0.402
2580,0.346,0.372,21.788,1.964,0.062,0.396
2581,0.352,0.388,21.8,1.982,0.064,0.396
2582,0.366,0.4,21.8,1.966,0.088,0.42
2583,0.356,0.392,21.8,1.99,0.078,0.442
2584,0.354,0.39,21.804,1.99,0.082,0.462
2585,0.342,0.386,21.878,1.988,0.074,0.47
2586,0.344,0.386,21.9,2.012,0.1,0.462
2587,0.356,0.396,21.9,1.976,0.066,0.458
2588,0.324,0.37,21.9,1.952,0.076,0.444
2589,0.318,0.356,21.9,2,0.08,0.448
2590,0.318,0.356,21.9,2.012,0.064,0.454
2591,0.31,0.35,21.9,1.984,0.072,0.432
2592,0.304,0.344,21.9,1.932,0.048,0.422
2593,0.328,0.372,21.9,1.886,0.064,0.42
2594,0.334,0.382,21.9,1.888,0.042,0.416
2595,0.334,0.386,21.874,1.942,0.022,0.41
2596,0.342,0.384,21.81,1.986,0.048,0.424
2597,0.342,0.392,21.892,1.988,0.078,0.43
2598,0.342,0.394,21.9,2.004,0.078,0.43
2599,0.36,0.402,21.9,2.034,0.07,0.438
2600,0.332,0.382,21.9,1.986,0.092,0.44
2601,0.334,0.384,21.9,2.032,0.246,0.446
2602,0.362,0.404,21.9,2.03,0.274,0.454
2603,0.366,0.408,21.9,2.018,0.208,0.44
2604,0.368,0.412,21.9,1.988,0.134,0.438
2605,0.386,0.436,21.9,2.014,0.078,0.458
2606,0.404,0.456,21.9,2.026,0.216,0.47
2607,0.402,0.456,21.9,2.01,0.1,0.474
2608,0.374,0.424,21.908,1.996,0.068,0.492
2609,0.382,0.434,21.976,2.008,0.056,0.516
2610,0.394,0.448,21.994,2.002,0.048,0.518
2611,0.374,0.422,21.966,1.97,0.052,0.494
2612,0.366,0.412,21.9,1.902,0.088,0.496
2613,0.352,0.396,21.9,1.896,0.07,0.496
2614,0.338,0.386,21.9,1.89,0.056,0.47
2615,0.33,0.37,21.9,1.876,0.06,0.458
2616,0.326,0.368,21.836,1.876,0.04,0.442
2617,0.342,0.384,21.8,2.002,0.05,0.44
2618,0.334,0.378,21.8,2.004,0.038,0.43
2619,0.332,0.374,21.834,1.996,0.066,0.43
2620,0.33,0.37,21.9,1.922,0.048,0.436
2621,0.326,0.368,21.848,1.826,0.066,0.434
2622,0.314,0.352,21.8,1.876,0.068,0.43
2623,0.316,0.354,21.8,1.88,0.056,0.43
2624,0.312,0.35,21.788,1.892,0.06,0.428
2625,0.31,0.342,21.7,1.872,0.076,0.42
2626,0.302,0.34,21.7,1.87,0.072,0.42
2627,0.306,0.344,21.7,1.972,0.066,0.42
2628,0.32,0.356,21.7,1.978,0.078,0.408
2629,0.334,0.372,21.7,1.996,0.078,0.4
2630,0.346,0.386,21.7,2.036,0.098,0.406
2631,0.346,0.392,21.768,2.002,0.094,0.424
2632,0.346,0.388,21.8,1.972,0.084,0.442
2633,0.342,0.386,21.8,2,0.082,0.46
2634,0.336,0.378,21.8,1.982,0.076,0.466
2635,0.338,0.38,21.8,1.97,0.094,0.46
2636,0.336,0.382,21.8,2.002,0.076,0.448
2637,0.354,0.39,21.83,1.99,0.082,0.446
2638,0.366,0.4,21.882,1.99,0.076,0.45
2639,0.356,0.392,21.9,2.006,0.076,0.454
2640,0.354,0.392,21.9,1.998,0.092,0.464
2641,0.344,0.384,21.9,2.002,0.098,0.47
2642,0.342,0.382,21.9,1.994,0.134,0.46
2643,0.354,0.398,21.9,2.036,0.086,0.46
2644,0.374,0.41,21.9,1.984,0.092,0.454
2645,0.37,0.412,21.9,2.012,0.088,0.454
2646,0.344,0.386,21.9,1.992,0.1,0.46
2647,0.352,0.392,21.9,1.998,0.084,0.48
2648,0.346,0.388,21.972,2.006,0.07,0.474
2649,0.358,0.398,22,2.01,0.084,0.452
2650,0.35,0.392,22,1.978,0.076,0.452
2651,0.348,0.39,21.944,1.992,0.074,0.452
2652,0.334,0.376,21.992,1.998,0.078,0.458
2653,0.332,0.372,22,1.976,0.09,0.45
2654,0.334,0.374,22,2.016,0.078,0.45
2655,0.32,0.354,22,1.988,0.096,0.434
2656,0.32,0.35,22,2.018,0.088,0.43
2657,0.344,0.38,22,1.988,0.092,0.428
2658,0.364,0.406,22,1.98,0.24,0.42
2659,0.358,0.398,22.016,1.988,0.09,0.42
2660,0.34,0.388,22.074,1.984,0.078,0.446
2661,0.388,0.432,22.1,1.976,0.096,0.47
2662,0.386,0.434,22.1,1.994,0.082,0.466
2663,0.392,0.434,22.1,1.996,0.09,0.462
2664,0.396,0.446,22.1,1.996,0.038,0.494
2665,0.396,0.442,22.1,1.984,0.072,0.5
2666,0.376,0.42,22.1,1.978,0.048,0.506
2667,0.38,0.422,22.1,1.98,0.048,0.512
2668,0.37,0.414,22.1,1.99,0.052,0.506
2669,0.368,0.406,22.1,1.966,0.06,0.48
2670,0.35,0.394,22.1,1.956,0.058,0.47
2671,0.342,0.392,22.1,1.986,0.054,0.46
2672,0.358,0.404,22.1,1.986,0.076,0.442
2673,0.348,0.394,22.1,1.992,0.074,0.438
2674,0.35,0.396,22.1,1.984,0.09,0.438
2675,0.332,0.38,22.1,1.978,0.088,0.458
2676,0.332,0.376,22.1,2,0.082,0.45
2677,0.356,0.394,22.1,1.986,0.092,0.44
2678,0.348,0.392,22.1,1.998,0.096,0.44
2679,0.362,0.396,22.1,2.01,0.118,0.44
2680,0.374,0.416,22.1,2.008,0.28,0.458
2681,0.38,0.42,22.1,1.988,0.21,0.456
2682,0.396,0.44,22.1,1.992,0.098,0.464
2683,0.38,0.422,22.1,1.974,0.088,0.47
2684,0.374,0.42,22.1,1.978,0.07,0.49
2685,0.366,0.406,22.1,1.96,0.078,0.5
2686,0.366,0.402,22.1,1.946,0.076,0.49
2687,0.38,0.42,22.1,1.974,0.08,0.474
2688,0.38,0.428,22.1,1.984,0.086,0.464
2689,0.366,0.41,22.1,2.014,0.076,0.466
2690,0.38,0.42,22.1,1.994,0.066,0.476
2691,0.364,0.41,22.1,2.022,0.08,0.476
2692,0.374,0.418,22.1,2.008,0.166,0.47
2693,0.41,0.464,22.1,2.008,0.142,0.47
2694,0.386,0.436,22.1,1.994,0.092,0.46
2695,0.378,0.426,22.1,2.034,0.1,0.476
2696,0.38,0.428,22.1,1.996,0.092,0.506
2697,0.398,0.45,22.1,1.99,0.08,0.494
2698,0.394,0.456,22.1,2.012,0.066,0.482
2699,0.402,0.466,22.1,1.972,0.048,0.488
2700,0.38,0.44,22.1,1.974,0.052,0.5
2701,0.372,0.436,22.1,1.894,0.056,0.502
2702,0.388,0.482,22.1,1.934,0.064,0.502
2703,0.404,0.508,22.1,1.922,0.066,0.488
2704,0.394,0.51,22.046,1.924,0.048,0.486
2705,0.408,0.498,22,1.914,0.066,0.522
2706,0.41,0.494,22,1.918,0.08,0.532
2707,0.406,0.516,21.934,1.932,0.08,0.54
2708,0.396,0.502,21.9,1.956,0.054,0.546
2709,0.39,0.5,21.9,1.966,0.064,0.55
2710,0.38,0.51,21.9,1.944,0.09,0.55
2711,0.372,0.488,21.9,1.938,0.086,0.55
2712,0.378,0.494,21.9,1.956,0.1,0.55
2713,0.37,0.466,21.9,1.962,0.09,0.538
2714,0.368,0.468,21.9,1.936,0.09,0.53
2715,0.352,0.452,21.9,1.916,0.266,0.53
2716,0.352,0.46,21.828,1.948,0.24,0.524
2717,0.362,0.454,21.802,1.922,0.264,0.518
2718,0.37,0.448,21.8,1.946,0.248,0.498
2719,0.358,0.446,21.8,1.914,0.142,0.49
2720,0.314,0.372,21.8,1.912,0.088,0.49
2721,0.308,0.36,21.764,1.89,0.092,0.492
2722,0.298,0.346,21.704,1.896,0.334,0.47
2723,0.296,0.35,21.7,1.878,0.478,0.424
2724,0.292,0.342,21.7,1.838,0.284,0.404
2725,0.282,0.34,21.7,1.84,0.276,0.4
2726,0.29,0.338,21.7,1.882,0.284,0.392
2727,0.284,0.328,21.7,1.886,0.278,0.39
2728,0.282,0.328,21.7,1.876,0.15,0.39
2729,0.282,0.32,21.7,1.89,0.254,0.39
2730,0.28,0.32,21.7,1.93,0.164,0.39
2731,0.284,0.32,21.618,1.902,0.092,0.388
2732,0.28,0.32,21.6,1.812,0.082,0.38
2733,0.28,0.32,21.6,1.834,0.082,0.38
2734,0.288,0.322,21.558,1.876,0.212,0.38
2735,0.3,0.344,21.502,1.932,0.222,0.38
2736,0.312,0.35,21.548,1.934,0.082,0.38
2737,0.306,0.34,21.6,1.92,0.084,0.384
2738,0.322,0.356,21.6,1.932,0.082,0.394
2739,0.316,0.352,21.644,1.95,0.09,0.404
2740,0.324,0.36,21.7,1.98,0.314,0.4
2741,0.316,0.358,21.7,1.954,0.122,0.416
2742,0.322,0.362,21.7,1.928,0.09,0.414
2743,0.326,0.356,21.7,1.934,0.092,0.42
2744,0.342,0.372,21.7,1.958,0.134,0.42
2745,0.34,0.384,21.7,1.944,0.098,0.42
2746,0.352,0.39,21.7,1.942,0.078,0.42
2747,0.364,0.408,21.7,1.956,0.106,0.434
2748,0.364,0.412,21.726,1.948,0.338,0.442
2749,0.362,0.406,21.8,1.948,0.338,0.458
2750,0.378,0.42,21.8,1.936,0.344,0.47
2751,0.392,0.436,21.8,1.93,0.33,0.47
2752,0.366,0.418,21.806,1.948,0.506,0.47
2753,0.34,0.388,21.882,1.95,0.412,0.49
2754,0.344,0.39,21.9,1.942,0.288,0.5
2755,0.378,0.414,21.9,1.92,0.138,0.484
2756,0.376,0.42,21.9,1.93,0.078,0.46
2757,0.35,0.394,21.9,1.938,0.072,0.454
2758,0.346,0.394,21.9,1.934,0.072,0.476
2759,0.338,0.388,21.9,1.924,0.076,0.48
2760,0.33,0.378,21.9,1.91,0.076,0.462
2761,0.326,0.372,21.9,1.894,0.22,0.446
2762,0.35,0.384,21.9,1.922,0.326,0.44
2763,0.364,0.39,21.9,1.916,0.238,0.44
2764,0.346,0.372,21.9,1.912,0.074,0.434
2765,0.34,0.366,21.9,1.912,0.066,0.44
2766,0.336,0.364,21.9,1.914,0.074,0.444
2767,0.342,0.36,21.9,1.892,0.072,0.432
2768,0.352,0.374,21.9,1.924,0.094,0.42
2769,0.334,0.344,21.9,1.944,0.086,0.42
2770,0.336,0.34,21.9,1.94,0.078,0.426
2771,0.308,0.328,21.9,1.93,0.072,0.43
2772,0.33,0.35,21.9,1.952,0.094,0.41
2773,0.378,0.396,21.9,1.956,0.1,0.4
2774,0.378,0.4,21.9,1.96,0.082,0.402
2775,0.398,0.424,21.9,1.936,0.082,0.426
2776,0.392,0.42,21.9,1.94,0.08,0.464
2777,0.386,0.414,21.9,1.946,0.074,0.476
2778,0.414,0.428,21.9,1.97,0.1,0.496
2779,0.394,0.42,21.9,1.972,0.1,0.49
2780,0.402,0.426,21.9,1.952,0.092,0.49
2781,0.41,0.436,21.918,1.926,0.222,0.5
2782,0.42,0.464,22,1.916,0.3,0.5
2783,0.386,0.432,21.982,1.838,0.29,0.496
2784,0.374,0.422,21.9,1.838,0.274,0.51
2785,0.364,0.408,21.9,1.854,0.27,0.52
2786,0.366,0.41,21.9,1.944,0.076,0.5
2787,0.372,0.422,21.9,1.96,0.068,0.486
2788,0.368,0.418,21.9,1.952,0.072,0.474
2789,0.378,0.426,21.9,1.946,0.066,0.476
2790,0.392,0.444,21.9,1.918,0.06,0.494
2791,0.38,0.428,21.906,1.948,0.068,0.49
2792,0.404,0.45,21.97,1.94,0.086,0.492
2793,0.388,0.436,21.998,1.942,0.092,0.5
2794,0.382,0.426,22,1.936,0.308,0.494
2795,0.402,0.452,22.012,1.942,0.246,0.512
2796,0.38,0.422,22.086,1.912,0.094,0.504
2797,0.368,0.408,22.026,1.926,0.086,0.502
2798,0.37,0.406,22,1.916,0.084,0.518
2799,0.362,0.4,22,1.944,0.076,0.496
2800,0.352,0.396,22,1.944,0.074,0.482
